{"phare de chassiron": [-1.4102766, 46.0466883], "semaphore de la pointe du raz": [-4.7317465, 48.0388285], "phare de l'ile d'aix": [-1.177871, 46.0098924], "semaphore du cap corse": [9.3583218, 43.0053527], "phare de saint-mathieu": [-4.7708916, 48.3298729], "phare d'eckmuhl": [-4.3727612, 47.7982044], "phare de gatteville": [-1.2658767, 49.6964351], "phare de penfret": [-3.9528752, 47.7211559], "phare de vieux-fort": [-61.7075723, 15.9483215], "phare du petit minou": [-4.6142081, 48.3366381], "phare de trezien": [-4.7789246, 48.4235146], "phare de porquerolles": [6.2063438, 42.9834777], "phare de lochrist": [-4.7635371, 48.3425227], "saint-antoine": [-4.5560367, 48.5944958], "phare du kador": [-4.4968181, 48.2195726], "semaphore de pointe bilou": [-4.3307632, 48.6767516], "phare de pontusval": [-4.3464481, 48.6778812], "phare de la balue": [-2.0038712, 48.6265968], "phare de la noeveillard": [-2.1154229, 47.11033], "phare du planier": [5.2305763, 43.1988032], "phare de la pointe-double": [-61.0055596, 16.3334542], "phare du cap ferrat": [7.3268704, 43.6751917], "phare du stiff": [-5.0566963, 48.4745515], "phare de goulphar": [-3.2271143, 47.3108455], "phare du cap bear": [3.1366947, 42.5155728], "phare de la chaussee neuve": [-2.0325976, 47.2903678], "phare metallique de fromentine": [-2.1423922, 46.8889209], "phare des sanguinaires / u fanali": [8.5943607, 41.8787901], "phare de la chiappa": [9.3654906, 41.5951824], "madonetta": [9.1443581, 41.3869709], "phare de la garoupe": [7.1327158, 43.5643405], "phare de l'ile royale": [-52.5919854, 5.2870514], "phare de la lande": [-3.885392, 48.6367792], "phare de la pointe saint-martin": [-1.5539002, 43.4937661], "phare de roscoff": [-3.9804934, 48.7225542], "phare de l'ile de batz": [-4.0269074, 48.745322], "feu de saint-pol": [2.3493907, 51.060538], "phare de saint-jean-de-luz": [-1.6689236, 43.3875927], "tour du leughenaer": [2.3785685, 51.0401568], "phare de ciboure": [-1.6664389, 43.384398], "tour telegraphe": [-1.6751641, 43.3836894], "phare du chay": [-1.0404497, 45.6218394], "phare du port": [-1.0080244, 45.5981666], "phare de terre-negre": [-1.1063818, 45.6461915], "phare de la coubre": [-1.2332441, 45.6965168], "phare du paon": [-2.9858817, 48.8653598], "phare de men ruz": [-3.4833475, 48.8374965], "baie de pouldohan": [-3.8949284, 47.8495374], "les moutons": [-4.0278266, 47.7745897], "feu de grosse terre": [-1.9655492, 46.6923975], "phare de vallauris": [7.0615938, 43.5681664], "phare de benodet": [-4.1128431, 47.8748394], "phare de l'ile vierge": [-4.5674848, 48.6388759], "vieux phare de l'ile vierge": [-4.5677487, 48.6391598], "phare de langoz": [-4.1592355, 47.8313559], "feu posterieur \"croas malo\"": [-4.273069, 47.796431], "montserrat": [-3.6075355, 47.7746925], "cayenne": [-3.6085707, 47.7718764], "phare du grand-jardin": [-2.0828488, 48.6700362], "phare de la pointe des negres": [-61.0902033, 14.5996326], "phare des sablons": [-2.021714, 48.6360908], "phare de bel-air": [55.6020221, -20.9014397], "phare de pertusato": [9.1844276, 41.3675139], "phare du fort de bouc": [4.9857416, 43.3938654], "phare de cordouan": [-1.1733254, 45.5863198], "vieux mole": [-2.196962, 47.271267], "phare de faraman": [4.6871009, 43.3546815], "phare de la hague": [-1.9543403, 49.7218884], "phare de saint-gervais": [4.9403735, 43.4284945], "phare de ouistreham": [-0.247888, 49.2799007], "phare du grouin du cou": [-1.4636275, 46.344542], "phare de la heve": [0.069257, 49.5124095], "phare de la jument": [-5.133903, 48.4222263], "fanal de feno": [9.0963626, 41.3920696], "phare de la giraglia": [9.4054499, 43.026638], "phare de la croix": [-3.0539433, 48.8371374], "phare de nantouar": [-3.3954685, 48.8011173], "kerjean": [-3.389934, 48.7964619], "phare du precheur": [-61.2258164, 14.8018592], "phare de nice": [7.2882045, 43.6905868], "phare d'if": [5.3275264, 43.2801512], "feu de la pointe d'agon": [-1.5771309, 49.0031398], "phare du bout du monde de la rochelle": [-1.1792703, 46.1377844], "ilot lion de mer": [6.7738418, 43.4065865], "phare de berck": [1.5608007, 50.398336], "phare de port-la-nouvelle": [3.0697999, 43.0123687], "phare de chausey": [-1.8223695, 48.8695275], "phare du cap frehel": [-2.3187619, 48.6841143], "phare saint-louis": [3.7017247, 43.3967018], "phare de saint-clair": [3.6898422, 43.3956397], "phare de l'hopital": [0.2283129, 49.4247596], "ancien phare": [-148.6296635, -14.9005878], "phare de la pointe-\u00e3\u00a0-l'aigle": [-2.7186294, 48.5354414], "phare des corbeaux": [-2.2847734, 46.6901728], "phare du cap levi": [-1.4731945, 49.6958635], "phare de patiras": [-0.7160045, 45.2046098], "phare d'antifer": [0.1653864, 49.6834825], "phare de port-navalo": [-2.9183155, 47.5479235], "phare de la jetee saint-nicolas": [-1.7919688, 46.4872414], "phare de penlan": [-2.501891, 47.5163015], "phare de l'armandeche": [-1.8047692, 46.4898263], "phare du cap camarat": [6.6745055, 43.2009465], "phare saint-nicolas": [-1.083548, 45.5621331], "phare du trehic": [-2.5237038, 47.308204], "phare du four": [-4.8051683, 48.5231664], "phare de contis": [-1.3168105, 44.0934765], "phare de la pointe venus": [-149.4943459, -17.4950647], "phare de la roque": [0.4250329, 49.4439622], "phare de la falaise des fonds": [0.21434, 49.4244945], "phare des onglous": [3.5398186, 43.3400562], "semaphore": [-1.2753167, 49.5732864], "phare de lanvaon": [-4.5355631, 48.6100261], "la palue": [-4.5604314, 48.5967541], "phare de kermorvan": [-4.7898775, 48.3620038], "phare de la pietra": [8.9320839, 42.6445598], "phare de l'ile noire": [-3.8754824, 48.6724948], "phare de pen-men": [-3.5093175, 47.6474101], "semaphore de barfleur": [-1.2655646, 49.6969397], "phare du portrieux": [-2.8224224, 48.6451089], "phare des heaux de brehat": [-3.0862787, 48.9084496], "phare de nividic": [-5.1509064, 48.445639], "phare solaire du cap cerbere": [3.1766232, 42.4395125], "phare du creac'h": [-5.1290074, 48.4591983], "phare de la caravelle": [-60.8818944, 14.7723565], "phare de l'embarcadere": [-1.0301546, 45.6166474], "phare de la petite muette": [-2.5716296, 48.5803709], "phare de l'espiguette": [4.1417581, 43.4876805], "phare du cap blanc": [6.362861, 43.0885338], "rohein": [-2.6294199, 48.6467336], "feu de quillebeuf": [0.525827, 49.4740545], "mole nord (babord)": [-4.2850516, 47.7915097], "phare de fatouville": [0.3252859, 49.4140644], "mole ouest lechiagat": [-4.2861591, 47.7908359], "mole sud (tribord)": [-4.2847793, 47.7908779], "feu anterieur": [-4.2846445, 47.7905972], "phare": [-61.1092176, 16.1706384], "phare de la mortella": [9.255427, 42.7174335], "phare de forlani": [9.279547, 42.6888007], "phare de l'ile de sein": [-4.8668792, 48.0435772], "phare des roches douvres": [-2.814116, 49.1050242], "mole est (tribord)": [-4.3497645, 47.7940396], "le feu du remblai": [-1.7740189, 46.4908449], "phare de trehiguier": [-2.4417321, 47.4928586], "phare d'ailly": [0.9584645, 49.9160554], "corn ar'che": [-4.7321268, 48.5865626], "phare de cap blanc": [-56.3988946, 47.1050008], "phare de pointe plate": [-56.4024607, 46.8223259], "phare de la pointe leconte": [-56.1545404, 46.7817138], "rocher petit saint-pierre": [-56.1483613, 46.7985992], "phare de galantry": [-56.1539208, 46.7651261], "phare du grand rouveau": [5.7675577, 43.080257], "phare de chauveau": [-1.2735828, 46.1338325], "phare de port manec'h": [-3.73907, 47.7997683], "le cochon": [-3.3666684, 47.7133648], "tour d'antioche": [-1.3951673, 46.0656185], "phare d'hourtin": [-1.1609614, 45.1420783], "la fourmigue": [7.0832643, 43.5395225], "phare du millier": [-4.4656322, 48.0987883], "feu quai barrier": [-2.3949647, 48.6461853], "phare de kergadec": [-4.546308, 48.0159387], "coz fornic": [-4.5384885, 48.0148443], "le vieux mole": [-4.5357031, 48.0166027], "tourelle d'an namouic": [-4.9520973, 48.0430293], "phare des baleines": [-1.5611211, 46.244191], "phare de la jetee des sables": [-1.7917598, 46.4906528], "phare rouge de la digue du nord": [1.6436299, 50.1861637],